ticker,entry_1,exit_1,entry_2,exit_2,entry_3,exit_3,num_entries,num_exits
MTLQQ,1996-01-02,2009-05-29,,,,,1,1
LUB,1996-01-02,1996-12-27,,,,,1,1
HRB,1996-01-02,2020-09-18,,,,,1,1
MEL,1996-01-02,2007-06-26,,,,,1,1
MER,1996-01-02,2008-12-29,,,,,1,1
PHA,1996-01-02,2003-04-07,,,,,1,1
UCL,1996-01-02,2005-08-10,,,,,1,1
AGC,1996-01-02,2001-08-20,,,,,1,1
CSCO,1996-01-02,,,,,,1,0
G,1996-01-02,2005-09-28,,,,,1,1
AMH,1996-01-02,1997-09-08,,,,,1,1
DIS,1996-01-02,,,,,,1,0
AZA.A,1996-01-02,2001-06-20,,,,,1,1
JH,1996-01-02,1998-03-30,,,,,1,1
DLX,1996-01-02,2004-12-16,,,,,1,1
M,1996-01-02,2020-04-03,,,,,1,1
ANV,1996-01-02,1999-04-08,,,,,1,1
FMCC,1996-01-02,2008-09-08,,,,,1,1
GFS.A,1996-01-02,1998-07-13,,,,,1,1
BGG,1996-01-02,2001-04-02,,,,,1,1
UIS,1996-01-02,2008-11-07,,,,,1,1
HNZ,1996-01-02,2013-06-06,,,,,1,1
AET,1996-01-02,2018-11-28,,,,,1,1
NUE,1996-01-02,,,,,,1,0
WAI,1996-01-02,1998-08-06,,,,,1,1
RAD,1996-01-02,2000-07-19,,,,,1,1
CMCSA,1996-01-02,,,,,,1,0
CCK,1996-01-02,2000-12-08,,,,,1,1
ED,1996-01-02,,,,,,1,0
SYY,1996-01-02,,,,,,1,0
RAL,1996-01-02,2001-12-06,,,,,1,1
GIDL,1996-01-02,1997-07-09,,,,,1,1
OMX,1996-01-02,2008-06-18,,,,,1,1
CTX,1996-01-02,2009-08-18,,,,,1,1
CTB,1996-01-02,2006-07-11,,,,,1,1
CCI,1996-01-02,1998-10-07,2012-03-13,,,,2,1
CSR,1996-01-02,2000-06-15,,,,,1,1
CBS,1996-01-02,2019-11-21,,,,,1,1
DJ,1996-01-02,2007-12-12,,,,,1,1
UNH,1996-01-02,,,,,,1,0
USBC,1996-01-02,1997-08-01,,,,,1,1
ANDW,1996-01-02,2006-09-28,,,,,1,1
INCLF,1996-01-02,2002-07-18,,,,,1,1
ARC,1996-01-02,2000-04-10,,,,,1,1
C,1996-01-02,,,,,,1,0
TMK,1996-01-02,2019-07-15,,,,,1,1
D,1996-01-02,,,,,,1,0
TEK,1996-01-02,2007-11-13,,,,,1,1
TNB,1996-01-02,2004-07-29,,,,,1,1
GIS,1996-01-02,,,,,,1,0
MNR,1996-01-02,1998-09-24,,,,,1,1
AMAT,1996-01-02,,,,,,1,0
KMB,1996-01-02,,,,,,1,0
JPM,1996-01-02,,,,,,1,0
XRX,1996-01-02,2021-02-12,,,,,1,1
HES,1996-01-02,,,,,,1,0
ROK,1996-01-02,,,,,,1,0
SPGI,1996-01-02,,,,,,1,0
CBE,1996-01-02,2009-09-08,2011-11-23,2012-11-27,,,2,2
USHC,1996-01-02,1996-07-18,,,,,1,1
FL,1996-01-02,1998-12-31,2016-04-04,2019-08-08,,,2,2
ACKH,1996-01-02,2000-11-08,,,,,1,1
HP,1996-01-02,1999-12-28,2010-03-01,2020-05-12,,,2,2
GRA,1996-01-02,2000-12-08,,,,,1,1
KM,1996-01-02,2002-01-15,,,,,1,1
CMB,1996-01-02,1996-03-29,,,,,1,1
USH,1996-01-02,1997-06-16,,,,,1,1
PFE,1996-01-02,,,,,,1,0
WEN,1996-01-02,2008-09-26,,,,,1,1
CEN,1996-01-02,2001-03-30,,,,,1,1
ORCL,1996-01-02,,,,,,1,0
AM,1996-01-02,2004-04-30,,,,,1,1
KEY,1996-01-02,,,,,,1,0
RYC,1996-01-02,1999-08-11,,,,,1,1
RYAN,1996-01-02,1996-12-27,,,,,1,1
STI,1996-01-02,2019-12-05,,,,,1,1
WHR,1996-01-02,2024-03-17,,,,,1,1
TCOMA,1996-01-02,1999-03-08,,,,,1,1
WYE,1996-01-02,2009-10-15,,,,,1,1
FDX,1996-01-02,,,,,,1,0
CFL,1996-01-02,1998-04-27,,,,,1,1
CNG,1996-01-02,2000-01-28,,,,,1,1
NYN,1996-01-02,1997-08-14,,,,,1,1
STJ,1996-01-02,2017-01-03,,,,,1,1
SIAL,1996-01-02,2015-11-17,,,,,1,1
GPS,1996-01-02,2022-01-20,,,,,1,1
EC,1996-01-02,2006-06-05,,,,,1,1
BT,1996-01-02,1999-06-03,,,,,1,1
HAS,1996-01-02,,,,,,1,0
NAV,1996-01-02,2006-12-11,,,,,1,1
BMY,1996-01-02,,,,,,1,0
NOC,1996-01-02,,,,,,1,0
GAPTQ,1996-01-02,2000-08-25,,,,,1,1
DWD,1996-01-02,1997-05-30,,,,,1,1
MO,1996-01-02,,,,,,1,0
RLM,1996-01-02,2000-04-27,,,,,1,1
DI,1996-01-02,1998-09-29,,,,,1,1
CVX,1996-01-02,,,,,,1,0
BOAT,1996-01-02,1997-01-03,,,,,1,1
BMS,1996-01-02,2014-12-04,,,,,1,1
GP,1996-01-02,2005-12-16,,,,,1,1
PEP,1996-01-02,,,,,,1,0
SNA,1996-01-02,,,,,,1,0
SHN,1996-01-02,1996-12-27,,,,,1,1
COV,1996-01-02,1996-08-08,2007-07-02,2009-06-04,2011-03-01,2015-01-15,3,3
FCN,1996-01-02,1998-10-01,,,,,1,1
OM,1996-01-02,1996-09-30,,,,,1,1
FG,1996-01-02,1998-04-16,,,,,1,1
I,1996-01-02,1996-03-29,,,,,1,1
OKE,1996-01-02,2001-08-29,2010-03-15,,,,2,1
WB,1996-01-02,2008-12-29,,,,,1,1
BR,1996-01-02,2006-03-30,2018-06-18,,,,2,1
BCO,1996-01-02,1996-01-12,,,,,1,1
NMK,1996-01-02,2002-01-31,,,,,1,1
DDS,1996-01-02,2008-10-16,,,,,1,1
MRK,1996-01-02,,,,,,1,0
ECL,1996-01-02,,,,,,1,0
CGP,1996-01-02,2001-01-29,,,,,1,1
ITT,1996-01-02,2011-10-31,,,,,1,1
HI,1996-01-02,2003-03-28,,,,,1,1
X,1996-01-02,2014-07-01,,,,,1,1
NCC,1996-01-02,2008-12-29,,,,,1,1
WMT,1996-01-02,,,,,,1,0
MDT,1996-01-02,,,,,,1,0
IP,1996-01-02,,,,,,1,0
AT,1996-01-02,2007-11-16,,,,,1,1
USW,1996-01-02,2000-06-29,,,,,1,1
BFI,1996-01-02,1999-07-30,,,,,1,1
GT,1996-01-02,2019-02-15,,,,,1,1
NEM,1996-01-02,,,,,,1,0
JNJ,1996-01-02,,,,,,1,0
MD,1996-01-02,1997-07-29,,,,,1,1
BBI,1996-01-02,1998-01-05,,,,,1,1
ADSK,1996-01-02,,,,,,1,0
WBA,1996-01-02,,,,,,1,0
MII,1996-01-02,1999-06-21,,,,,1,1
DALRQ,1996-01-02,2005-08-18,,,,,1,1
AL,1996-01-02,2002-07-18,,,,,1,1
WOR,1996-01-02,2004-12-16,,,,,1,1
ATI,1996-01-02,2015-07-01,,,,,1,1
TIN,1996-01-02,2007-12-27,,,,,1,1
WMX,1996-01-02,1998-07-16,,,,,1,1
DCNAQ,1996-01-02,2006-03-02,,,,,1,1
HON,1996-01-02,,,,,,1,0
STO,1996-01-02,1998-11-17,,,,,1,1
TXU,1996-01-02,2007-10-09,,,,,1,1
SCI,1996-01-02,2000-03-15,,,,,1,1
NOVL,1996-01-02,2011-04-25,,,,,1,1
ABS,1996-01-02,2006-05-31,,,,,1,1
HCA,1996-01-02,2006-11-17,2015-01-27,,,,2,1
UK,1996-01-02,2001-01-31,,,,,1,1
WNDXQ,1996-01-02,2004-12-02,,,,,1,1
KMG,1996-01-02,2006-08-10,,,,,1,1
MCIC,1996-01-02,1998-09-08,,,,,1,1
EMN,1996-01-02,,,,,,1,0
TRW,1996-01-02,2002-12-09,,,,,1,1
CCTYQ,1996-01-02,2008-03-18,,,,,1,1
LOW,1996-01-02,,,,,,1,0
SO,1996-01-02,,,,,,1,0
CIN,1996-01-02,2006-03-30,,,,,1,1
PG,1996-01-02,,,,,,1,0
PZE,1996-01-02,1998-12-24,,,,,1,1
GTE,1996-01-02,2000-06-29,,,,,1,1
CB,1996-01-02,,,,,,1,0
LUV,1996-01-02,,,,,,1,0
AMGN,1996-01-02,,,,,,1,0
GE,1996-01-02,,,,,,1,0
CNP,1996-01-02,,,,,,1,0
AIG,1996-01-02,,,,,,1,0
ECH,1996-01-02,1998-07-09,,,,,1,1
SB,1996-01-02,1997-11-21,,,,,1,1
COST,1996-01-02,,,,,,1,0
ECO,1996-01-02,1998-01-15,,,,,1,1
BC,1996-01-02,2008-06-18,,,,,1,1
IKN,1996-01-02,2000-06-27,,,,,1,1
ASH,1996-01-02,2008-11-13,,,,,1,1
FNMA,1996-01-02,2008-09-08,,,,,1,1
TRV,1996-01-02,,,,,,1,0
JCP,1996-01-02,2013-11-27,,,,,1,1
DE,1996-01-02,,,,,,1,0
KO,1996-01-02,,,,,,1,0
HPQ,1996-01-02,,,,,,1,0
MYG,1996-01-02,2006-03-30,,,,,1,1
XEL,1996-01-02,,,,,,1,0
XOM,1996-01-02,,,,,,1,0
NAE,1996-01-02,1997-08-06,,,,,1,1
AIT,1996-01-02,1999-10-07,,,,,1,1
NWL,1996-01-02,2023-09-17,,,,,1,1
PD,1996-01-02,2007-03-16,,,,,1,1
PAS,1996-01-02,1998-01-29,,,,,1,1
BNL,1996-01-02,1998-06-30,,,,,1,1
GR,1996-01-02,2012-07-26,,,,,1,1
SMS,1996-01-02,2000-06-07,,,,,1,1
KRI,1996-01-02,2006-06-20,,,,,1,1
ALL,1996-01-02,,,,,,1,0
MAT,1996-01-02,2019-06-03,,,,,1,1
GLK,1996-01-02,2005-06-30,,,,,1,1
GLW,1996-01-02,,,,,,1,0
GSX,1996-01-02,1998-10-06,,,,,1,1
CAL,1996-01-02,1996-07-19,,,,,1,1
R,1996-01-02,2017-06-16,,,,,1,1
RBK,1996-01-02,2006-01-30,,,,,1,1
HSY,1996-01-02,,,,,,1,0
THY,1996-01-02,1996-10-08,,,,,1,1
FBO,1996-01-02,1996-03-12,,,,,1,1
COP,1996-01-02,,,,,,1,0
PHM,1996-01-02,,,,,,1,0
ABT,1996-01-02,,,,,,1,0
DRI,1996-01-02,,,,,,1,0
ORX,1996-01-02,1999-02-26,,,,,1,1
PVN,1996-01-02,2005-09-28,,,,,1,1
LDG,1996-01-02,2001-06-29,,,,,1,1
LOR,1996-01-02,1996-04-22,,,,,1,1
KBH,1996-01-02,2009-12-17,,,,,1,1
WLL,1996-01-02,2002-02-07,,,,,1,1
MCO,1996-01-02,,,,,,1,0
GWF,1996-01-02,1997-06-26,,,,,1,1
CAG,1996-01-02,,,,,,1,0
FTL.A,1996-01-02,1999-09-30,,,,,1,1
CSX,1996-01-02,,,,,,1,0
MEE,1996-01-02,2000-12-18,2008-06-23,2011-05-23,,,2,2
HD,1996-01-02,,,,,,1,0
BLS,1996-01-02,2006-12-29,,,,,1,1
ETN,1996-01-02,,,,,,1,0
USS,1996-01-02,1998-10-01,,,,,1,1
WLA,1996-01-02,2000-06-19,,,,,1,1
MKG,1996-01-02,2000-10-17,,,,,1,1
UAWGQ,1996-01-02,2002-05-14,,,,,1,1
ITW,1996-01-02,,,,,,1,0
MU,1996-01-02,,,,,,1,0
CNW,1996-01-02,1996-11-27,,,,,1,1
OWENQ,1996-01-02,2000-09-27,,,,,1,1
RRD,1996-01-02,2012-12-07,,,,,1,1
WFC,1996-01-02,,,,,,1,0
VZ,1996-01-02,,,,,,1,0
CLX,1996-01-02,,,,,,1,0
EIX,1996-01-02,,,,,,1,0
SAF,1996-01-02,2008-09-22,,,,,1,1
MSI,1996-01-02,,,,,,1,0
HAL,1996-01-02,,,,,,1,0
NKE,1996-01-02,,,,,,1,0
MST,1996-01-02,1998-08-13,,,,,1,1
LNC,1996-01-02,2023-09-17,,,,,1,1
CMA,1996-01-02,2024-06-22,,,,,1,1
BA,1996-01-02,,,,,,1,0
AN,1996-01-02,1998-12-31,2003-02-24,2017-08-07,,,2,2
PBI,1996-01-02,2017-02-28,,,,,1,1
VO,1996-01-02,2000-12-08,,,,,1,1
AAL,1996-01-02,1997-01-13,2015-03-23,2024-09-21,,,2,2
FDC,1996-01-02,2007-09-24,,,,,1,1
ENS,1996-01-02,1997-08-05,,,,,1,1
RDS.A,1996-01-02,2002-07-18,,,,,1,1
BAX,1996-01-02,,,,,,1,0
ONE,1996-01-02,2004-06-28,,,,,1,1
PCH,1996-01-02,2001-07-03,,,,,1,1
PMI,1996-01-02,1996-05-30,,,,,1,1
GLD,1996-01-02,1997-04-29,,,,,1,1
BEV,1996-01-02,1997-12-02,,,,,1,1
TKR,1996-01-02,2001-08-06,,,,,1,1
K,1996-01-02,,,,,,1,0
DUK,1996-01-02,,,,,,1,0
BAC,1996-01-02,,,,,,1,0
HIG,1996-01-02,,,,,,1,0
PRD,1996-01-02,2000-12-11,,,,,1,1
DTE,1996-01-02,,,,,,1,0
BK,1996-01-02,,,,,,1,0
TRB,1996-01-02,2007-12-17,,,,,1,1
SWK,1996-01-02,,,,,,1,0
EXC,1996-01-02,,,,,,1,0
FLTWQ,1996-01-02,2000-01-28,,,,,1,1
MDP,1996-01-02,2010-12-31,,,,,1,1
CI,1996-01-02,,,,,,1,0
GPU,1996-01-02,2001-11-05,,,,,1,1
KWP,1996-01-02,1999-11-15,,,,,1,1
ETR,1996-01-02,,,,,,1,0
SHW,1996-01-02,,,,,,1,0
SRR,1996-01-02,1997-10-06,,,,,1,1
UNM,1996-01-02,2021-08-30,,,,,1,1
ADP,1996-01-02,,,,,,1,0
INGR,1996-01-02,1997-07-25,,,,,1,1
RBD,1996-01-02,1999-03-24,,,,,1,1
OAT,1996-01-02,2001-07-31,,,,,1,1
MCD,1996-01-02,,,,,,1,0
CR,1996-01-02,2004-12-16,,,,,1,1
JCI,1996-01-02,,,,,,1,0
SGP,1996-01-02,2009-10-29,,,,,1,1
AEP,1996-01-02,,,,,,1,0
BLL,1996-01-02,2022-04-11,,,,,1,1
HRS,1996-01-02,1999-11-05,2008-09-22,2019-04-02,,,2,2
CHA,1996-01-02,2000-06-16,,,,,1,1
WWY,1996-01-02,2008-10-06,,,,,1,1
T,1996-01-02,,,,,,1,0
ABX,1996-01-02,2002-07-18,,,,,1,1
KATE,1996-01-02,2008-11-28,,,,,1,1
AMD,1996-01-02,2013-09-17,2017-03-20,,,,2,1
APD,1996-01-02,,,,,,1,0
FLMIQ,1996-01-02,1997-12-19,,,,,1,1
PHB,1996-01-02,1999-10-01,,,,,1,1
TDM,1996-01-02,1997-08-26,,,,,1,1
DGN,1996-01-02,1999-10-12,,,,,1,1
CA,1996-01-02,2018-10-31,,,,,1,1
IFF,1996-01-02,,,,,,1,0
ENRNQ,1996-01-02,2001-11-26,,,,,1,1
KR,1996-01-02,,,,,,1,0
GRN,1996-01-02,1998-12-14,,,,,1,1
CAR,1996-01-02,2006-07-31,,,,,1,1
MDR,1996-01-02,2003-08-18,,,,,1,1
DXC,1996-01-02,2015-11-30,2017-04-04,2023-10-05,,,2,2
RYI,1996-01-02,1998-06-30,,,,,1,1
CL,1996-01-02,,,,,,1,0
BMET,1996-01-02,2007-07-10,,,,,1,1
LDW.B,1996-01-02,1999-12-07,,,,,1,1
CCB,1996-01-02,1996-02-01,,,,,1,1
SFA,1996-01-02,2006-02-17,,,,,1,1
PH,1996-01-02,,,,,,1,0
LLY,1996-01-02,,,,,,1,0
SK,1996-01-02,1998-03-30,,,,,1,1
L,1996-01-02,,,,,,1,0
UCM,1996-01-02,2000-10-19,,,,,1,1
RTN,1996-01-02,2020-04-03,,,,,1,1
GD,1996-01-02,,,,,,1,0
LLX,1996-01-02,1997-10-14,,,,,1,1
DD,1996-01-02,2017-08-31,2019-06-03,,,,2,1
F,1996-01-02,,,,,,1,0
PCAR,1996-01-02,,,,,,1,0
TXN,1996-01-02,,,,,,1,0
INTC,1996-01-02,,,,,,1,0
HPC,1996-01-02,2008-11-13,,,,,1,1
EMR,1996-01-02,,,,,,1,0
GDW,1996-01-02,2006-09-28,,,,,1,1
HM,1996-01-02,2001-12-14,,,,,1,1
DEC,1996-01-02,1998-06-08,,,,,1,1
BCR,1996-01-02,2017-12-27,,,,,1,1
AEE,1996-01-02,,,,,,1,0
UCC,1996-01-02,1999-04-28,,,,,1,1
SMI,1996-01-02,2000-12-11,,,,,1,1
FBF,1996-01-02,2004-03-29,,,,,1,1
CG,1996-01-02,2000-10-30,,,,,1,1
MEA,1996-01-02,2002-01-28,,,,,1,1
ASC,1996-01-02,1999-06-23,,,,,1,1
NYT,1996-01-02,2010-12-17,,,,,1,1
NSI,1996-01-02,2001-11-30,,,,,1,1
NSC,1996-01-02,,,,,,1,0
TMC,1996-01-02,2000-06-09,,,,,1,1
JWN,1996-01-02,2020-05-22,,,,,1,1
MSFT,1996-01-02,,,,,,1,0
WY,1996-01-02,,,,,,1,0
H,1996-01-02,2001-06-25,2006-08-01,2007-04-05,,,2,2
HDLM,1996-01-02,1996-03-05,,,,,1,1
NRTLQ,1996-01-02,2002-07-18,,,,,1,1
UN,1996-01-02,2002-07-18,,,,,1,1
PPG,1996-01-02,,,,,,1,0
WMB,1996-01-02,,,,,,1,0
CAT,1996-01-02,,,,,,1,0
JP,1996-01-02,2006-03-30,,,,,1,1
TOY,1996-01-02,2005-07-21,,,,,1,1
BDX,1996-01-02,,,,,,1,0
FWLT,1996-01-02,2000-01-28,,,,,1,1
BHMSQ,1996-01-02,2000-12-08,,,,,1,1
DIGI,1996-01-02,1998-08-26,,,,,1,1
EKDKQ,1996-01-02,2010-12-17,,,,,1,1
GPC,1996-01-02,,,,,,1,0
MMM,1996-01-02,,,,,,1,0
VAT,1996-01-02,1996-08-28,,,,,1,1
NC,1996-01-02,2000-06-02,,,,,1,1
VFC,1996-01-02,2024-04-03,,,,,1,1
ADM,1996-01-02,,,,,,1,0
TJX,1996-01-02,,,,,,1,0
PAC,1996-01-02,1997-03-19,,,,,1,1
UST,1996-01-02,2009-01-05,,,,,1,1
MS,1996-01-02,,,,,,1,0
CBB,1996-01-02,1998-01-26,,,,,1,1
BDK,1996-01-02,2010-03-11,,,,,1,1
HET,1996-01-02,2008-01-24,,,,,1,1
SNT,1996-01-02,1999-10-25,,,,,1,1
BSX,1996-01-02,,,,,,1,0
RML,1996-01-02,2000-12-11,,,,,1,1
CYR,1996-01-02,1996-03-25,,,,,1,1
PGL,1996-01-02,2007-02-16,,,,,1,1
SGID,1996-01-02,2000-06-20,,,,,1,1
NLC,1996-01-02,1999-07-30,,,,,1,1
TMC.A,1996-01-02,2000-06-09,,,,,1,1
SLB,1996-01-02,,,,,,1,0
ACV,1996-01-02,2006-11-16,,,,,1,1
TAP,1996-01-02,,,,,,1,0
PET,1996-01-02,1998-06-26,,,,,1,1
JOS,1996-01-02,2000-05-09,,,,,1,1
AR,1996-01-02,1999-10-26,,,,,1,1
IPG,1996-01-02,,,,,,1,0
LB,1996-01-02,2021-07-21,,,,,1,1
PDG,1996-01-02,2002-07-18,,,,,1,1
UMG,1996-01-02,2000-06-13,,,,,1,1
LPX,1996-01-02,2006-11-07,,,,,1,1
AMP,1996-01-02,1999-03-30,2005-10-03,,,,2,1
SVU,1996-01-02,2012-04-30,,,,,1,1
BKB,1996-01-02,1999-09-30,,,,,1,1
BUD,1996-01-02,2008-11-17,,,,,1,1
AVY,1996-01-02,,,,,,1,0
LSI,1996-01-02,2014-05-06,,,,,1,1
EFU,1996-01-02,2000-10-30,,,,,1,1
TGNA,1996-01-02,2017-05-23,,,,,1,1
MWV,1996-01-02,2015-07-01,,,,,1,1
CVS,1996-01-02,,,,,,1,0
TGT,1996-01-02,,,,,,1,0
BFO,1996-01-02,2000-10-02,,,,,1,1
PCG,1996-01-02,2019-01-11,2022-10-03,,,,2,1
THC,1996-01-02,2016-04-15,,,,,1,1
FJ,1996-01-02,2000-11-22,,,,,1,1
PBY,1996-01-02,2000-03-29,,,,,1,1
AVP,1996-01-02,2015-03-19,,,,,1,1
CRR,1996-01-02,1997-05-19,,,,,1,1
RNB,1996-01-02,1999-12-31,,,,,1,1
TLAB,1996-01-02,2011-12-20,,,,,1,1
TA,1996-01-02,1999-07-20,,,,,1,1
CMI,1996-01-02,,,,,,1,0
CPQ,1996-01-02,2002-05-01,,,,,1,1
HPH,1996-01-02,1999-06-08,,,,,1,1
COMS,1996-01-02,2000-07-27,,,,,1,1
FCX,1996-01-02,,,,,,1,0
OXY,1996-01-02,,,,,,1,0
RDC,1996-01-02,2014-08-13,,,,,1,1
BLY,1996-01-02,1996-12-18,,,,,1,1
TEN,1996-01-02,1999-10-29,,,,,1,1
FE,1996-01-02,,,,,,1,0
MMC,1996-01-02,,,,,,1,0
IBM,1996-01-02,,,,,,1,0
YRCW,1996-01-02,1996-10-28,,,,,1,1
BNI,1996-01-02,2010-02-10,,,,,1,1
PEL,1996-01-02,1997-06-18,,,,,1,1
PPL,1996-01-02,,,,,,1,0
AAPL,1996-01-02,,,,,,1,0
KRB,1996-01-02,2005-12-29,,,,,1,1
MOB,1996-01-02,1999-11-30,,,,,1,1
AHM,1996-01-02,1998-09-30,,,,,1,1
SFS,1996-01-02,1997-07-25,,,,,1,1
CHRS,1996-01-02,1998-04-07,,,,,1,1
USB,1996-01-02,,,,,,1,0
UNP,1996-01-02,,,,,,1,0
MZIAQ,1996-01-02,2000-06-27,,,,,1,1
MRO,1996-01-02,2024-11-22,,,,,1,1
DOV,1996-01-02,,,,,,1,0
MWI,1996-01-02,1999-05-19,,,,,1,1
PEG,1996-01-02,,,,,,1,0
PPW,1996-01-02,1999-11-29,,,,,1,1
MAS,1996-01-02,,,,,,1,0
BOL,1996-01-02,2007-10-26,,,,,1,1
HUM,1996-01-02,,,,,,1,0
AS,1996-01-02,1998-11-23,,,,,1,1
UTX,1996-01-02,2020-03-03,,,,,1,1
GWW,1996-01-02,,,,,,1,0
PKI,1996-01-02,2023-05-17,,,,,1,1
BF-B,1996-01-02,2023-05-07,2023-05-14,,,,2,1
AXP,1996-01-02,,,,,,1,0
NEE,1996-01-02,,,,,,1,0
CPB,1996-01-02,,,,,,1,0
LMT,1996-01-02,,,,,,1,0
ABI,1996-01-02,2008-11-20,,,,,1,1
CYM,1996-01-02,1999-10-14,,,,,1,1
ROH,1996-01-02,2009-04-01,,,,,1,1
PNU,1996-01-02,2000-03-29,,,,,1,1
ETS,1996-01-02,2001-08-03,,,,,1,1
TXT,1996-01-02,,,,,,1,0
HLT,1996-01-02,2007-10-24,2017-06-19,,,,2,1
PNC,1996-01-02,,,,,,1,0
TX,1996-01-02,2001-10-04,,,,,1,1
FMC,1996-01-02,2001-12-24,2009-08-19,,,,2,1
AAMRQ,1996-01-02,2003-03-10,,,,,1,1
MAY,1996-01-02,2005-08-22,,,,,1,1
TWX,1996-01-02,2018-06-14,,,,,1,1
CSE,1996-01-22,1999-11-12,,,,,1,1
BAY,1996-02-12,1998-08-28,,,,,1,1
FITB,1996-03-08,,,,,,1,0
GNT,1996-03-13,1998-06-30,,,,,1,1
WCOEQ,1996-04-01,2002-05-14,,,,,1,1
NLV,1996-04-01,2000-01-05,,,,,1,1
AON,1996-04-23,,,,,,1,0
TUP,1996-05-31,2004-03-17,,,,,1,1
MTG,1996-07-19,2008-10-28,,,,,1,1
BMGCA,1996-07-22,1999-08-06,,,,,1,1
HFS,1996-08-16,1997-12-12,,,,,1,1
SEG,1996-08-16,2000-11-20,,,,,1,1
LU,1996-10-01,2006-11-22,,,,,1,1
UPR,1996-10-16,2000-07-14,,,,,1,1
RX,1996-11-04,2010-02-23,,,,,1,1
MBI,1996-12-03,2009-12-17,,,,,1,1
GDT,1996-12-19,2006-04-21,,,,,1,1
AZO,1997-01-02,,,,,,1,0
FRO,1997-01-02,1999-09-21,,,,,1,1
TMO,1997-01-02,,,,,,1,0
EHC,1997-01-08,2003-03-20,,,,,1,1
CNC,1997-01-15,2002-07-24,2016-03-30,,,,2,1
PTC,1997-04-03,2006-12-29,2021-04-20,,,,2,1
ADBE,1997-05-06,,,,,,1,0
CAH,1997-05-27,,,,,,1,0
SCHW,1997-06-02,,,,,,1,0
CFC,1997-06-18,2008-06-30,,,,,1,1
EFX,1997-06-19,,,,,,1,0
WAMUQ,1997-07-02,2008-09-26,,,,,1,1
SAI,1997-07-17,1998-12-31,,,,,1,1
APC,1997-07-28,2019-08-08,,,,,1,1
APA,1997-07-28,,,,,,1,0
PGR,1997-08-04,,,,,,1,0
OI,1997-08-04,2000-12-08,2009-01-02,2016-11-29,,,2,2
HBAN,1997-08-06,,,,,,1,0
MIR,1997-08-07,2000-05-30,2001-04-03,2003-07-16,,,2,2
STT,1997-08-18,,,,,,1,0
CCU,1997-09-02,2008-07-29,,,,,1,1
KLAC,1997-09-15,,,,,,1,0
YUM,1997-10-07,,,,,,1,0
HBOC,1997-10-23,1999-01-07,,,,,1,1
SNV,1997-12-01,2007-12-31,,,,,1,1
BBT,1997-12-04,2019-12-05,,,,,1,1
CINF,1997-12-18,,,,,,1,0
OMC,1997-12-24,,,,,,1,0
LEHMQ,1998-01-12,2008-09-16,,,,,1,1
BIG,1998-01-20,2013-02-06,,,,,1,1
SUB,1998-01-28,2001-02-27,,,,,1,1
NTRS,1998-01-30,,,,,,1,0
MTL,1998-02-23,1999-09-17,,,,,1,1
SEE,1998-04-01,2023-12-16,,,,,1,1
NXTL,1998-04-01,2005-08-12,,,,,1,1
AFS.A,1998-04-08,2000-11-29,,,,,1,1
GTW,1998-04-27,2006-07-31,,,,,1,1
BEN,1998-04-29,,,,,,1,0
MAR,1998-05-21,,,,,,1,0
ASND,1998-06-12,1999-06-24,,,,,1,1
SRE,1998-06-29,,,,,,1,0
SLM,1998-07-01,2014-04-22,,,,,1,1
BSC,1998-07-01,2008-05-29,,,,,1,1
COF,1998-07-01,,,,,,1,0
FMY,1998-07-10,1999-05-19,,,,,1,1
DG,1998-07-16,2007-07-06,2012-12-03,,,,2,1
WM,1998-07-17,,,,,,1,0
EDS,1998-08-11,2008-08-25,,,,,1,1
KSS,1998-08-14,2020-09-18,,,,,1,1
RF,1998-08-28,,,,,,1,0
PVT,1998-08-31,1999-06-30,,,,,1,1
NGH,1998-09-16,2000-12-11,,,,,1,1
HCR,1998-09-28,2007-11-05,,,,,1,1
PAYX,1998-10-01,,,,,,1,0
UPC,1998-10-01,2004-06-28,,,,,1,1
PSFT,1998-10-02,2004-12-27,,,,,1,1
AES,1998-10-02,,,,,,1,0
SPLS,1998-10-07,2017-09-12,,,,,1,1
NCE,1998-11-03,2000-08-17,,,,,1,1
SWY,1998-11-13,2015-01-15,,,,,1,1
DHR,1998-11-18,,,,,,1,0
PCS,1998-11-24,2004-04-19,,,,,1,1
CCL,1998-12-22,,,,,,1,0
SLR,1998-12-31,2007-10-01,,,,,1,1
MCK,1999-01-13,,,,,,1,0
SOTR,1999-03-01,2004-10-28,,,,,1,1
ASO,1999-03-10,2006-10-31,,,,,1,1
CTL,1999-03-25,2020-06-22,,,,,1,1
KSU,1999-04-05,2000-07-10,2013-05-24,2021-10-04,,,2,2
CMS,1999-05-03,,,,,,1,0
DPHIQ,1999-05-28,2005-10-10,,,,,1,1
AFL,1999-05-28,,,,,,1,0
PWJ,1999-06-04,2000-11-03,,,,,1,1
WLP,1999-06-09,2004-11-26,,,,,1,1
FPC,1999-06-22,2000-11-29,,,,,1,1
ODP,1999-06-24,2010-12-17,,,,,1,1
NTAP,1999-06-25,,,,,,1,0
BBY,1999-06-30,,,,,,1,0
VMC,1999-07-01,,,,,,1,0
QCOM,1999-07-22,,,,,,1,0
AW,1999-08-02,2008-12-04,,,,,1,1
ADCT,1999-08-02,2007-06-26,,,,,1,1
COC.B,1999-08-09,2002-08-29,,,,,1,1
LXK,1999-08-13,2012-09-25,,,,,1,1
TOS,1999-09-20,2001-09-10,,,,,1,1
GX,1999-09-29,2001-10-04,,,,,1,1
SXCL,1999-10-01,2001-05-10,,,,,1,1
BBBY,1999-10-01,2017-07-25,,,,,1,1
PNW,1999-10-04,,,,,,1,0
ADI,1999-10-12,,,,,,1,0
TROW,1999-10-13,,,,,,1,0
LEG,1999-10-18,2021-12-14,,,,,1,1
EP,1999-10-26,2012-05-23,,,,,1,1
CMVT,1999-10-27,2007-01-24,,,,,1,1
XLNX,1999-11-08,2022-02-02,,,,,1,1
TER,1999-11-15,2013-12-18,2020-09-21,,,,2,1
QTRN,1999-11-16,2003-09-16,,,,,1,1
MOLX,1999-12-01,2013-12-03,,,,,1,1
CTXS,1999-12-01,2022-09-19,,,,,1,1
OK,1999-12-02,2001-03-30,,,,,1,1
NCR,2000-01-04,2007-09-28,,,,,1,1
YNR,2000-01-06,2000-10-02,,,,,1,1
CNXT,2000-01-31,2002-06-19,,,,,1,1
BGEN,2000-01-31,2003-11-12,,,,,1,1
HOG,2000-01-31,2020-05-22,,,,,1,1
TSG,2000-03-16,2007-03-30,,,,,1,1
LLTC,2000-04-03,2017-03-10,,,,,1,1
VRTS,2000-04-03,2005-06-30,,,,,1,1
SAPE,2000-05-05,2002-05-10,,,,,1,1
SEBL,2000-05-05,2006-01-30,,,,,1,1
MXIM,2000-05-10,2007-09-26,2018-12-03,2021-08-03,,,2,2
APCC,2000-06-01,2007-02-14,,,,,1,1
A,2000-06-05,,,,,,1,0
SBUX,2000-06-08,,,,,,1,0
CVG,2000-06-13,2009-12-17,,,,,1,1
MEDI,2000-06-16,2007-05-31,,,,,1,1
CF,2000-06-19,2004-08-26,2008-08-27,,,,2,1
TIF,2000-06-21,2020-12-21,,,,,1,1
SANM,2000-06-21,2007-06-26,,,,,1,1
MERQ,2000-06-29,2006-01-03,,,,,1,1
VSTNQ,2000-06-29,2005-12-29,,,,,1,1
BRCM,2000-07-03,2016-01-26,,,,,1,1
JNS,2000-07-13,2011-11-18,,,,,1,1
CIT.A,2000-07-17,2001-05-31,,,,,1,1
VIAV,2000-07-27,2013-12-18,,,,,1,1
PALM,2000-07-28,2002-08-09,,,,,1,1
KSE,2000-08-21,2007-08-24,,,,,1,1
DVN,2000-08-30,,,,,,1,0
AV,2000-10-02,2007-10-25,,,,,1,1
DYN,2000-10-03,2009-12-17,,,,,1,1
NBR,2000-10-18,2015-03-19,,,,,1,1
PWER,2000-10-23,2005-03-09,,,,,1,1
NI,2000-11-02,,,,,,1,0
EOG,2000-11-02,,,,,,1,0
BVSN,2000-11-06,2001-08-31,,,,,1,1
FRX,2000-11-22,2014-06-24,,,,,1,1
CHIR,2000-11-24,2006-04-19,,,,,1,1
CPNLQ,2000-12-01,2005-11-28,,,,,1,1
RHI,2000-12-05,2024-06-22,,,,,1,1
AYE,2000-12-11,2011-02-23,,,,,1,1
INTU,2000-12-11,,,,,,1,0
SBL,2000-12-11,2007-01-05,,,,,1,1
ABKFQ,2000-12-11,2008-06-10,,,,,1,1
MET,2000-12-11,,,,,,1,0
VTSS,2000-12-12,2002-08-19,,,,,1,1
KMI,2000-12-12,2007-05-24,2012-05-25,,,,2,1
SYK,2000-12-12,,,,,,1,0
QLGC,2000-12-12,2011-01-12,,,,,1,1
FLR,2000-12-22,2019-06-01,,,,,1,1
AMCC,2001-01-02,2006-05-10,,,,,1,1
JBL,2001-01-30,2014-10-24,2023-12-17,,,,2,1
UVN,2001-02-07,2007-03-28,,,,,1,1
FTR,2001-02-27,2017-03-17,,,,,1,1
CTAS,2001-03-01,,,,,,1,0
FISV,2001-04-02,2023-06-07,,,,,1,1
CE,2001-04-02,2004-02-26,2018-12-24,,,,2,1
PBG,2001-05-14,2010-02-26,,,,,1,1
MWW,2001-06-04,2011-12-14,,,,,1,1
ZION,2001-06-25,2024-03-17,,,,,1,1
JHF,2001-06-29,2004-04-28,,,,,1,1
COL,2001-07-02,2018-11-15,,,,,1,1
AWE,2001-07-09,2004-10-26,,,,,1,1
PMCS,2001-08-03,2007-06-26,,,,,1,1
FDO,2001-08-06,2015-07-06,,,,,1,1
ZBH,2001-08-07,,,,,,1,0
ABC,2001-08-30,2023-08-30,2023-09-01,2023-09-01,,,2,2
CIEN,2001-08-30,2009-12-17,,,,,1,1
IGT,2001-09-04,2014-06-19,,,,,1,1
IMNX,2001-09-21,2002-07-10,,,,,1,1
TE,2001-10-10,2016-06-27,,,,,1,1
EOP,2001-10-10,2007-02-09,,,,,1,1
HMA,2001-11-07,2007-02-26,,,,,1,1
NVDA,2001-11-30,,,,,,1,0
EQR,2001-12-03,,,,,,1,0
GENZ,2001-12-14,2011-04-01,,,,,1,1
JNY,2001-12-17,2009-03-02,,,,,1,1
WAT,2002-01-02,,,,,,1,0
RATL,2002-02-01,2003-02-18,,,,,1,1
FHN,2002-05-06,2013-06-19,,,,,1,1
TT,2002-05-13,2008-06-05,2020-03-03,,,,2,1
APOL,2002-05-15,2013-06-27,,,,,1,1
BJS,2002-05-15,2010-04-21,,,,,1,1
SPG,2002-06-26,,,,,,1,0
NFB,2002-07-17,2006-11-22,,,,,1,1
GS,2002-07-22,,,,,,1,0
SDS,2002-07-22,2005-08-11,,,,,1,1
UPS,2002-07-22,,,,,,1,0
EBAY,2002-07-22,,,,,,1,0
PFG,2002-07-22,,,,,,1,0
PRU,2002-07-22,,,,,,1,0
EA,2002-07-22,,,,,,1,0
ANTM,2002-07-25,2022-06-21,,,,,1,1
RAI,2002-09-04,2017-07-20,,,,,1,1
DGX,2002-12-12,,,,,,1,0
AIV,2003-03-14,2020-11-17,,,,,1,1
MKC,2003-03-21,,,,,,1,0
SYMC,2003-03-31,2019-10-18,,,,,1,1
FII,2003-04-16,2012-12-28,,,,,1,1
PLD,2003-07-17,,,,,,1,0
MHS,2003-08-20,2012-03-22,,,,,1,1
ESRX,2003-09-26,2018-12-19,,,,,1,1
BIIB,2003-11-13,,,,,,1,0
MTB,2004-02-27,,,,,,1,0
CMX,2004-03-25,2007-03-22,,,,,1,1
ETFC,2004-04-01,2020-09-21,,,,,1,1
ACS,2004-04-02,2010-02-02,,,,,1,1
MYL,2004-04-23,2020-10-12,,,,,1,1
VLO,2004-04-29,,,,,,1,0
HSP,2004-05-03,2015-09-01,,,,,1,1
SOV,2004-07-01,2009-01-28,,,,,1,1
GILD,2004-07-01,,,,,,1,0
FSH,2004-08-03,2006-11-07,,,,,1,1
TPR,2004-09-01,,,,,,1,0
CITGQ,2004-10-27,2009-07-17,,,,,1,1
LH,2004-11-01,,,,,,1,0
FSL,2004-12-03,2006-12-01,,,,,1,1
ASN,2004-12-20,2007-10-04,,,,,1,1
CBSS,2004-12-20,2007-09-04,,,,,1,1
XTO,2004-12-29,2010-06-21,,,,,1,1
NOV,2005-03-14,2021-08-30,,,,,1,1
DHI,2005-07-05,,,,,,1,0
STZ,2005-07-05,,,,,,1,0
WFT,2005-07-22,2009-02-25,,,,,1,1
TSN,2005-08-11,,,,,,1,0
VNO,2005-08-12,2022-12-22,,,,,1,1
MUR,2005-08-15,2017-07-25,,,,,1,1
PSA,2005-08-19,,,,,,1,0
LEN,2005-10-04,,,,,,1,0
PDCO,2005-10-11,2018-03-16,,,,,1,1
AMZN,2005-11-21,,,,,,1,0
GNW,2005-12-02,2015-11-17,,,,,1,1
SSP,2005-12-20,2008-06-30,,,,,1,1
WFM,2006-01-03,2017-08-17,,,,,1,1
VIAB,2006-01-03,2019-11-21,,,,,1,1
EL,2006-01-05,,,,,,1,0
VRSN,2006-02-01,,,,,,1,0
BRL,2006-02-27,2008-12-22,,,,,1,1
BXP,2006-04-03,,,,,,1,0
KIM,2006-04-03,,,,,,1,0
DF,2006-04-03,2013-05-17,,,,,1,1
GOOGL,2006-04-03,,,,,,1,0
SNDK,2006-04-20,2016-05-11,,,,,1,1
LM,2006-04-24,2016-11-29,,,,,1,1
EQ,2006-05-18,2009-06-30,,,,,1,1
JNPR,2006-06-02,,,,,,1,0
CBH,2006-06-06,2008-03-18,,,,,1,1
CNX,2006-06-28,2016-03-03,,,,,1,1
WIN,2006-07-18,2015-03-31,,,,,1,1
CME,2006-08-11,,,,,,1,0
WU,2006-10-02,2021-12-14,,,,,1,1
CELG,2006-11-06,2019-11-05,,,,,1,1
CBRE,2006-11-10,,,,,,1,0
FIS,2006-11-10,,,,,,1,0
CTSH,2006-11-17,,,,,,1,0
BTUUQ,2006-11-20,2014-09-19,,,,,1,1
IAC,2006-12-01,2008-08-18,,,,,1,1
TEX,2006-12-20,2008-11-05,,,,,1,1
ESV,2007-01-04,2009-12-22,2012-07-31,2016-03-29,,,2,2
AVB,2007-01-10,,,,,,1,0
RL,2007-02-02,,,,,,1,0
VAR,2007-02-12,2021-03-22,,,,,1,1
HCBK,2007-02-15,2015-10-28,,,,,1,1
CHRW,2007-03-02,,,,,,1,0
HST,2007-03-20,,,,,,1,0
DDR,2007-03-23,2009-03-27,,,,,1,1
ANF,2007-03-29,2013-12-18,,,,,1,1
MDLZ,2007-04-02,,,,,,1,0
AIZ,2007-04-10,,,,,,1,0
GGP,2007-07-02,2008-11-12,2013-12-10,2018-08-20,,,2,2
DFS,2007-07-02,,,,,,1,0
TEL,2007-07-02,2009-06-25,2011-10-17,,,,2,1
ACAS,2007-07-09,2009-03-02,,,,,1,1
AKAM,2007-07-12,,,,,,1,0
JEF,2007-08-27,2019-09-23,,,,,1,1
MCHP,2007-09-07,,,,,,1,0
ICE,2007-09-26,,,,,,1,0
ANDV,2007-09-27,2018-09-24,,,,,1,1
TDC,2007-10-01,2017-06-16,,,,,1,1
EXPE,2007-10-02,,,,,,1,0
NBL,2007-10-08,2020-10-07,,,,,1,1
EXPD,2007-10-10,,,,,,1,0
NYX,2007-10-25,2013-11-07,,,,,1,1
JEC,2007-10-26,2019-12-09,,,,,1,1
TIE,2007-10-29,2012-12-21,,,,,1,1
MTW,2007-11-16,2009-08-31,,,,,1,1
AMT,2007-11-19,,,,,,1,0
GME,2007-12-14,2016-04-20,,,,,1,1
RRC,2007-12-21,2018-06-15,,,,,1,1
GHC,2007-12-31,2014-09-19,,,,,1,1
TSS,2008-01-02,2019-08-09,,,,,1,1
CAM,2008-01-29,2016-03-31,,,,,1,1
PM,2008-03-31,,,,,,1,0
ISRG,2008-06-02,,,,,,1,0
SWN,2008-06-06,2017-03-30,,,,,1,1
LO,2008-06-11,2015-06-11,,,,,1,1
COG,2008-06-23,2021-09-20,,,,,1,1
SNI,2008-07-01,2018-02-28,,,,,1,1
MA,2008-07-18,,,,,,1,0
DVA,2008-07-31,,,,,,1,0
IVZ,2008-08-21,,,,,,1,0
CRM,2008-09-15,,,,,,1,0
FAST,2008-09-15,,,,,,1,0
PXD,2008-09-24,2024-05-03,,,,,1,1
APH,2008-09-30,,,,,,1,0
FLS,2008-10-02,2021-02-12,,,,,1,1
KDP,2008-10-07,2018-06-26,2022-06-21,,,,2,1
NDAQ,2008-10-22,,,,,,1,0
WEC,2008-10-31,,,,,,1,0
SJM,2008-11-06,,,,,,1,0
PBCT,2008-11-13,2022-03-02,,,,,1,1
WYNN,2008-11-14,,,,,,1,0
XRAY,2008-11-14,2024-04-03,,,,,1,1
CEPH,2008-11-17,2011-10-11,,,,,1,1
SRCL,2008-11-19,2018-11-29,,,,,1,1
RSG,2008-12-05,,,,,,1,0
EQT,2008-12-19,2018-11-12,2022-10-03,,,,2,1
SCG,2009-01-02,2018-12-24,,,,,1,1
FLIR,2009-01-02,2021-04-20,,,,,1,1
IRM,2009-01-06,,,,,,1,0
WELL,2009-01-30,,,,,,1,0
HRL,2009-03-04,,,,,,1,0
VTR,2009-03-04,,,,,,1,0
ES,2009-03-17,,,,,,1,0
ORLY,2009-03-27,,,,,,1,0
TWC,2009-03-30,2016-05-17,,,,,1,1
DNR,2009-04-02,2015-03-19,,,,,1,1
FTI,2009-06-05,2021-01-21,,,,,1,1
ATGE,2009-06-09,2012-09-25,,,,,1,1
TMUS,2009-06-30,2013-04-29,2019-07-15,,,,2,1
WDC,2009-07-01,,,,,,1,0
PWR,2009-07-01,,,,,,1,0
RHT,2009-07-27,2019-07-01,,,,,1,1
CFN,2009-09-01,2015-03-13,,,,,1,1
ARG,2009-09-09,2016-05-20,,,,,1,1
FSLR,2009-10-16,2017-03-17,2022-12-19,,,,2,1
BKNG,2009-11-06,,,,,,1,0
MJN,2009-12-21,2017-06-07,,,,,1,1
CLF,2009-12-21,2014-04-01,,,,,1,1
LDOS,2009-12-21,2013-09-17,2019-08-09,,,,2,1
V,2009-12-21,,,,,,1,0
ROST,2009-12-21,,,,,,1,0
ROP,2009-12-23,,,,,,1,0
NRG,2010-01-29,,,,,,1,0
BRK-B,2010-02-16,2023-05-07,2023-09-24,2023-09-25,,,2,2
DISCA,2010-03-01,2022-04-04,,,,,1,1
CERN,2010-04-30,2022-05-10,,,,,1,1
KMX,2010-06-28,,,,,,1,0
QEP,2010-07-01,2015-06-30,,,,,1,1
NFX,2010-12-20,2019-01-18,,,,,1,1
CVC,2010-12-20,2016-06-20,,,,,1,1
NFLX,2010-12-20,,,,,,1,0
FFIV,2010-12-20,,,,,,1,0
MMI,2011-01-04,2012-05-15,,,,,1,1
JOY,2011-02-28,2015-10-05,,,,,1,1
EW,2011-04-01,,,,,,1,0
BLK,2011-04-04,,,,,,1,0
CMG,2011-04-28,,,,,,1,0
MPC,2011-07-01,,,,,,1,0
ACN,2011-07-06,,,,,,1,0
MOS,2011-09-26,,,,,,1,0
XYL,2011-11-01,,,,,,1,0
BWA,2011-12-19,,,,,,1,0
DLTR,2011-12-19,,,,,,1,0
PRGO,2011-12-19,2021-08-30,,,,,1,1
TRIP,2011-12-21,2019-12-10,,,,,1,1
WPX,2012-01-03,2014-03-12,,,,,1,1
PSX,2012-05-01,,,,,,1,0
ALXN,2012-05-25,2021-06-04,,,,,1,1
LRCX,2012-06-05,,,,,,1,0
MNST,2012-06-29,,,,,,1,0
STX,2012-07-02,,,,,,1,0
LYB,2012-09-05,,,,,,1,0
PNR,2012-10-01,,,,,,1,0
KRFT,2012-10-02,2015-07-02,,,,,1,1
PETM,2012-10-05,2015-03-11,,,,,1,1
GRMN,2012-12-12,,,,,,1,0
APTV,2012-12-24,,,,,,1,0
ABBV,2013-01-02,,,,,,1,0
PVH,2013-02-14,2022-06-28,,,,,1,1
REGN,2013-05-01,,,,,,1,0
MAC,2013-05-09,2019-12-10,,,,,1,1
GM,2013-06-07,,,,,,1,0
ZTS,2013-06-24,,,,,,1,0
NWSA,2013-07-01,,,,,,1,0
NLSN,2013-07-09,2022-10-03,,,,,1,1
DAL,2013-09-11,,,,,,1,0
VRTX,2013-09-23,,,,,,1,0
AME,2013-09-23,,,,,,1,0
KORS,2013-11-13,2018-09-18,,,,,1,1
ALLE,2013-12-02,,,,,,1,0
FB,2013-12-23,2022-06-08,,,,,1,1
ADS,2013-12-23,2020-05-22,,,,,1,1
MHK,2013-12-23,,,,,,1,0
TSCO,2014-01-24,,,,,,1,0
GMCR,2014-03-24,2016-02-26,,,,,1,1
ESS,2014-04-02,,,,,,1,0
GOOG,2014-04-03,,,,,,1,0
UAA,2014-05-01,2022-06-21,,,,,1,1
NAVI,2014-05-01,2018-06-01,,,,,1,1
AVGO,2014-05-08,,,,,,1,0
XEC,2014-06-20,2020-01-28,,,,,1,1
AMG,2014-07-01,2019-12-10,,,,,1,1
MLM,2014-07-02,,,,,,1,0
DISCK,2014-08-07,2022-04-04,,,,,1,1
UHS,2014-09-22,,,,,,1,0
URI,2014-09-22,,,,,,1,0
LVLT,2014-11-05,2017-10-10,,,,,1,1
RCL,2014-12-05,,,,,,1,0
ENDP,2015-01-27,2017-03-01,,,,,1,1
SWKS,2015-03-12,,,,,,1,0
HSIC,2015-03-18,,,,,,1,0
EQIX,2015-03-23,,,,,,1,0
SLG,2015-03-23,2021-02-12,,,,,1,1
HBI,2015-03-23,2021-12-14,,,,,1,1
O,2015-04-07,,,,,,1,0
QRVO,2015-06-12,,,,,,1,0
BXLT,2015-07-01,2016-06-01,,,,,1,1
JBHT,2015-07-01,,,,,,1,0
WRK,2015-07-02,2024-07-08,,,,,1,1
CPGX,2015-07-02,2016-06-27,,,,,1,1
KHC,2015-07-06,,,,,,1,0
AAP,2015-07-09,2023-08-28,,,,,1,1
PYPL,2015-07-20,,,,,,1,0
ATVI,2015-08-31,2023-10-12,,,,,1,1
UAL,2015-09-03,,,,,,1,0
CMCSK,2015-09-21,2015-12-09,,,,,1,1
NWS,2015-09-21,,,,,,1,0
VRSK,2015-10-08,,,,,,1,0
HPE,2015-11-02,,,,,,1,0
FCPT,2015-11-10,2015-11-10,,,,,1,1
SYF,2015-11-18,,,,,,1,0
ILMN,2015-11-19,2024-06-22,,,,,1,1
CSRA,2015-11-30,2018-04-02,,,,,1,1
CHD,2015-12-29,,,,,,1,0
CPRI,2016-01-04,2020-04-06,,,,,1,1
WLTW,2016-01-05,2021-12-20,,,,,1,1
EXR,2016-01-19,,,,,,1,0
FRT,2016-02-01,,,,,,1,0
CFG,2016-02-01,,,,,,1,0
CXO,2016-02-22,2021-01-07,,,,,1,1
AWK,2016-03-04,,,,,,1,0
UDR,2016-03-07,,,,,,1,0
HOLX,2016-03-30,,,,,,1,0
UA,2016-04-08,2022-06-21,,,,,1,1
ULTA,2016-04-18,,,,,,1,0
GPN,2016-04-25,,,,,,1,0
AYI,2016-05-03,2018-06-15,,,,,1,1
ALK,2016-05-13,2023-12-16,,,,,1,1
DLR,2016-05-18,,,,,,1,0
LKQ,2016-05-23,,,,,,1,0
AJG,2016-05-31,,,,,,1,0
TDG,2016-06-03,,,,,,1,0
FBHS,2016-06-24,2022-11-08,,,,,1,1
LNT,2016-07-01,,,,,,1,0
ALB,2016-07-01,,,,,,1,0
FTV,2016-07-05,,,,,,1,0
MTD,2016-09-06,,,,,,1,0
CHTR,2016-09-08,,,,,,1,0
COO,2016-09-23,,,,,,1,0
COTY,2016-10-03,2020-09-18,,,,,1,1
EVHC,2016-12-02,2018-10-10,,,,,1,1
MAA,2016-12-02,,,,,,1,0
IDXX,2017-01-05,,,,,,1,0
INCY,2017-02-28,,,,,,1,0
CBOE,2017-03-01,,,,,,1,0
REG,2017-03-02,,,,,,1,0
DISH,2017-03-13,2023-06-02,2023-06-04,2023-06-19,,,2,2
SNPS,2017-03-16,,,,,,1,0
RJF,2017-03-20,,,,,,1,0
ARE,2017-03-20,,,,,,1,0
IT,2017-04-05,,,,,,1,0
INFO,2017-06-02,2022-02-17,,,,,1,1
RE,2017-06-19,2023-07-10,,,,,1,1
ANSS,2017-06-19,,,,,,1,0
ALGN,2017-06-19,,,,,,1,0
AOS,2017-07-26,,,,,,1,0
RMD,2017-07-26,,,,,,1,0
PKG,2017-07-26,,,,,,1,0
DRE,2017-07-26,2022-09-19,,,,,1,1
MGM,2017-07-26,,,,,,1,0
BHF,2017-08-07,2019-02-27,,,,,1,1
IQV,2017-08-29,,,,,,1,0
SBAC,2017-09-01,,,,,,1,0
DWDP,2017-09-01,2019-06-01,,,,,1,1
CDNS,2017-09-18,,,,,,1,0
NCLH,2017-10-13,,,,,,1,0
HII,2018-01-03,,,,,,1,0
IPGP,2018-03-07,2022-06-09,,,,,1,1
TTWO,2018-03-19,,,,,,1,0
SIVB,2018-03-19,2023-01-04,,,,,1,1
NKTR,2018-03-19,2019-09-26,,,,,1,1
MSCI,2018-04-04,,,,,,1,0
ABMD,2018-05-31,2022-12-19,,,,,1,1
EVRG,2018-06-05,,,,,,1,0
TWTR,2018-06-07,2022-10-12,,,,,1,1
HFC,2018-06-18,2021-05-14,,,,,1,1
FLT,2018-06-20,2024-03-25,,,,,1,1
CPRT,2018-07-02,,,,,,1,0
ANET,2018-08-28,,,,,,1,0
WCG,2018-09-17,2019-12-23,,,,,1,1
ROL,2018-10-01,,,,,,1,0
FTNT,2018-10-11,,,,,,1,0
LIN,2018-11-06,,,,,,1,0
KEYS,2018-11-06,,,,,,1,0
JKHY,2018-11-13,,,,,,1,0
FANG,2018-12-03,,,,,,1,0
LW,2018-12-03,,,,,,1,0
FRC,2019-01-02,2023-03-20,,,,,1,1
TFX,2019-01-18,,,,,,1,0
ATO,2019-02-15,,,,,,1,0
WAB,2019-02-27,,,,,,1,0
LHX,2019-06-01,,,,,,1,0
CTVA,2019-06-03,,,,,,1,0
AMCR,2019-06-07,,,,,,1,0
MKTX,2019-07-01,,,,,,1,0
GL,2019-08-08,,,,,,1,0
IEX,2019-08-09,,,,,,1,0
CDW,2019-09-23,,,,,,1,0
NVR,2019-09-26,,,,,,1,0
LVS,2019-10-03,,,,,,1,0
BKR,2019-10-18,,,,,,1,0
NLOK,2019-11-05,2022-11-01,,,,,1,1
PEAK,2019-11-05,2024-03-03,,,,,1,1
NOW,2019-11-21,,,,,,1,0
VIAC,2019-12-05,2022-02-15,,,,,1,1
WRB,2019-12-05,,,,,,1,0
TFC,2019-12-09,,,,,,1,0
ODFL,2019-12-09,,,,,,1,0
J,2019-12-10,,,,,,1,0
ZBRA,2019-12-23,,,,,,1,0
STE,2019-12-23,,,,,,1,0
LYV,2019-12-23,,,,,,1,0
PAYC,2020-01-28,,,,,,1,0
CARR,2020-04-03,,,,,,1,0
RTX,2020-04-03,,,,,,1,0
OTIS,2020-04-03,,,,,,1,0
HWM,2020-04-06,,,,,,1,0
DXCM,2020-05-12,,,,,,1,0
DPZ,2020-05-12,,,,,,1,0
WST,2020-05-22,,,,,,1,0
TYL,2020-06-22,,,,,,1,0
TDY,2020-06-22,,,,,,1,0
BIO,2020-06-22,2024-09-21,,,,,1,1
LUMN,2020-09-18,2023-03-15,,,,,1,1
ETSY,2020-09-21,2024-09-21,,,,,1,1
CTLT,2020-09-21,,,,,,1,0
POOL,2020-10-07,,,,,,1,0
VNT,2020-10-12,2021-02-12,,,,,1,1
VTRS,2020-11-17,,,,,,1,0
TSLA,2020-12-21,,,,,,1,0
ENPH,2021-01-07,,,,,,1,0
TRMB,2021-01-21,,,,,,1,0
MPWR,2021-02-12,,,,,,1,0
PENN,2021-03-22,2022-06-28,,,,,1,1
NXPI,2021-03-22,,,,,,1,0
CZR,2021-03-22,,,,,,1,0
GNRC,2021-03-22,,,,,,1,0
CRL,2021-05-14,,,,,,1,0
OGN,2021-06-04,2023-10-17,,,,,1,1
MRNA,2021-07-21,,,,,,1,0
BBWI,2021-08-03,2024-09-30,,,,,1,1
TECH,2021-08-30,,,,,,1,0
BRO,2021-09-20,,,,,,1,0
MTCH,2021-09-20,,,,,,1,0
CDAY,2021-09-20,2024-02-01,,,,,1,1
CTRA,2021-10-04,,,,,,1,0
EPAM,2021-12-14,,,,,,1,0
SEDG,2021-12-20,2023-12-16,,,,,1,1
FDS,2021-12-20,,,,,,1,0
SBNY,2021-12-20,2023-01-04,,,,,1,1
WTW,2022-01-20,,,,,,1,0
NDSN,2022-02-15,,,,,,1,0
PARA,2022-02-17,,,,,,1,0
MOH,2022-03-02,,,,,,1,0
CPT,2022-04-04,,,,,,1,0
WBD,2022-04-11,,,,,,1,0
BALL,2022-05-10,,,,,,1,0
VICI,2022-06-08,,,,,,1,0
META,2022-06-09,,,,,,1,0
ON,2022-06-21,,,,,,1,0
ELV,2022-06-28,,,,,,1,0
INVH,2022-09-19,,,,,,1,0
CSGP,2022-09-19,,,,,,1,0
TRGP,2022-10-12,,,,,,1,0
ACGL,2022-11-01,,,,,,1,0
GEN,2022-11-08,,,,,,1,0
STLD,2022-12-22,,,,,,1,0
GEHC,2023-01-04,,,,,,1,0
PODD,2023-03-15,,,,,,1,0
BG,2023-03-15,,,,,,1,0
FICO,2023-03-20,,,,,,1,0
AXON,2023-05-07,,,,,,1,0
BRK.B,2023-05-09,2023-09-23,2023-09-26,,,,2,1
BF.B,2023-05-09,2023-05-14,,,,,1,1
FOXA,2023-05-17,,,,,,1,0
CEG,2023-05-17,,,,,,1,0
IR,2023-05-17,,,,,,1,0
DOW,2023-05-17,,,,,,1,0
FOX,2023-05-17,,,,,,1,0
RVTY,2023-05-18,2023-12-30,2024-01-01,,,,2,1
PANW,2023-06-03,2023-06-03,2023-06-20,,,,2,1
FI,2023-06-08,,,,,,1,0
EG,2023-07-11,,,,,,1,0
KVUE,2023-08-29,,,,,,1,0
COR,2023-09-03,,,,,,1,0
ABNB,2023-09-18,,,,,,1,0
BX,2023-09-18,,,,,,1,0
VLTO,2023-10-06,,,,,,1,0
HUBB,2023-10-18,,,,,,1,0
LULU,2023-10-18,,,,,,1,0
UBER,2023-12-17,,,,,,1,0
BLDR,2023-12-17,,,,,,1,0
RVTY (Previously PKI),2023-12-31,2023-12-31,,,,,1,1
DAY,2024-02-02,,,,,,1,0
DOC,2024-03-04,,,,,,1,0
DECK,2024-03-18,,,,,,1,0
SMCI,2024-03-18,,,,,,1,0
CPAY,2024-03-27,,,,,,1,0
SOLV,2024-04-02,,,,,,1,0
GEV,2024-04-03,,,,,,1,0
VST,2024-05-08,,,,,,1,0
CRWD,2024-06-23,,,,,,1,0
GDDY,2024-06-23,,,,,,1,0
KKR,2024-06-23,,,,,,1,0
SW,2024-07-12,,,,,,1,0
PLTR,2024-09-22,,,,,,1,0
ERIE,2024-09-22,,,,,,1,0
DELL,2024-09-22,,,,,,1,0
AMTM,2024-10-01,,,,,,1,0
TPL,2024-11-26,,,,,,1,0
